waktu,nilai
2026-04-30 19:45,2.23
2026-04-30 20:30,2.26
2026-04-30 21:15,2.19
2026-04-30 23:45,2.05
2026-05-01 01:00,2.04
2026-05-01 01:15,2.01
2026-05-01 01:30,1.97
2026-05-01 01:45,1.89
2026-05-01 02:00,1.92
2026-05-01 02:15,1.88
2026-05-01 02:30,1.85
2026-05-01 02:45,1.83
2026-05-01 03:00,1.82
2026-05-01 03:15,1.82
2026-05-01 03:30,1.8
2026-05-01 03:45,1.78
2026-05-01 04:00,1.72
2026-05-01 04:15,1.7
2026-05-01 04:30,1.66
2026-05-01 04:45,1.62
2026-05-01 05:00,1.6
2026-05-01 05:15,1.61
2026-05-01 05:30,1.58
2026-05-01 05:45,1.59
2026-05-01 06:00,1.56
2026-05-01 06:15,1.54
2026-05-01 06:30,1.52
2026-05-01 06:45,1.48
2026-05-01 07:00,1.55
2026-05-01 07:15,1.5
2026-05-01 07:30,1.5
2026-05-01 07:45,1.56
2026-05-01 08:00,1.56
2026-05-01 08:15,1.56
2026-05-01 08:30,1.54
2026-05-01 08:45,1.54
2026-05-01 09:00,1.5
2026-05-01 09:15,1.59
2026-05-01 09:30,1.58
2026-05-01 09:45,1.54
2026-05-01 10:00,1.59
2026-05-01 10:30,1.58
2026-05-01 10:45,1.62
2026-05-01 11:45,1.6
2026-05-01 12:45,1.65
2026-05-01 13:00,1.69
2026-05-01 13:15,1.74
2026-05-01 13:30,1.78
2026-05-01 13:45,1.81
2026-05-01 14:00,1.84
2026-05-01 14:15,1.81
2026-05-01 14:30,1.84
2026-05-01 14:45,1.86
2026-05-01 15:00,1.86
2026-05-01 16:00,1.93
2026-05-01 17:00,1.99
2026-05-01 18:00,2.03
2026-05-01 19:00,2.16
2026-05-01 20:00,2.19
2026-05-01 21:00,2.16
2026-05-01 22:00,2.12
2026-05-01 23:00,2.11
2026-05-02 00:00,2.04
2026-05-02 00:45,2.04
2026-05-02 01:00,2.04
2026-05-02 01:15,1.97
2026-05-02 01:30,1.99
2026-05-02 01:45,1.95
2026-05-02 02:00,1.94
2026-05-02 02:30,1.89
2026-05-02 02:45,1.81
2026-05-02 03:00,1.89
2026-05-02 03:15,1.84
2026-05-02 03:30,1.81
2026-05-02 03:45,1.77
2026-05-02 04:00,1.78
2026-05-02 04:15,1.74
2026-05-02 04:30,1.69
2026-05-02 04:45,1.69
2026-05-02 05:00,1.69
2026-05-02 05:15,1.66
2026-05-02 05:30,1.65
2026-05-02 05:45,1.63
2026-05-02 06:00,1.57
2026-05-02 06:15,1.56
2026-05-02 06:30,1.57
2026-05-02 06:45,1.53
2026-05-02 07:00,1.59
2026-05-02 07:15,1.55
2026-05-02 07:30,1.58
2026-05-02 07:45,1.59
2026-05-02 08:00,1.55
2026-05-02 08:15,1.63
2026-05-02 08:30,1.57
2026-05-02 08:45,1.56
2026-05-02 09:00,1.67
2026-05-02 09:15,1.64
2026-05-02 09:30,1.57
2026-05-02 09:45,1.59
2026-05-02 10:00,1.65
2026-05-02 10:15,1.61
2026-05-02 10:30,1.65
2026-05-02 10:45,1.67
2026-05-02 11:00,1.7
2026-05-02 11:15,1.69
2026-05-02 11:30,1.63
2026-05-02 11:45,1.67
2026-05-02 12:00,1.71
2026-05-02 12:15,1.74
2026-05-02 12:30,1.68
2026-05-02 12:45,1.69
2026-05-02 13:00,1.74
2026-05-02 13:15,1.75
2026-05-02 13:30,1.74
2026-05-02 13:45,1.8
2026-05-02 14:00,1.75
2026-05-02 14:15,1.79
2026-05-02 14:30,1.88
2026-05-02 14:45,1.85
2026-05-02 15:00,1.8
2026-05-02 15:15,1.83
2026-05-02 15:30,1.92
2026-05-02 15:45,1.85
2026-05-02 16:00,1.95
2026-05-02 16:15,1.98
2026-05-02 16:30,1.93
2026-05-02 16:45,1.97
2026-05-02 17:00,1.99
2026-05-02 17:15,1.97
2026-05-02 17:30,1.99
2026-05-02 17:45,2.0
2026-05-02 18:00,2.05
2026-05-02 18:15,2.08
2026-05-02 18:30,2.06
2026-05-02 18:45,2.11
2026-05-02 19:00,2.08
2026-05-02 19:15,2.1
2026-05-02 19:30,2.15
2026-05-02 19:45,2.16
2026-05-02 20:00,2.21
2026-05-02 20:15,2.19
2026-05-02 20:30,2.24
2026-05-02 20:45,2.26
2026-05-02 21:00,2.26
2026-05-02 21:15,2.29
2026-05-02 21:30,2.29
2026-05-02 21:45,2.24
2026-05-02 22:00,2.28
2026-05-02 22:15,2.25
2026-05-02 22:30,2.31
2026-05-02 22:45,2.31
2026-05-02 23:00,2.27
2026-05-02 23:15,2.28
2026-05-02 23:30,2.19
2026-05-02 23:45,2.26
2026-05-03 00:00,2.23
2026-05-03 00:15,2.21
2026-05-03 00:30,2.19
2026-05-03 00:45,2.17
2026-05-03 01:00,2.16
2026-05-03 01:15,2.1
2026-05-03 01:30,2.11
2026-05-03 01:45,2.1
2026-05-03 02:00,2.03
2026-05-03 02:15,2.03
2026-05-03 02:30,2.01
2026-05-03 02:45,1.95
2026-05-03 03:00,1.94
2026-05-03 03:15,1.92
2026-05-03 03:30,1.83
2026-05-03 03:45,1.8
2026-05-03 04:00,1.83
2026-05-03 04:15,1.8
2026-05-03 04:30,1.79
2026-05-03 04:45,1.76
2026-05-03 05:00,1.76
2026-05-03 05:15,1.74
2026-05-03 05:30,1.71
2026-05-03 05:45,1.68
2026-05-03 06:00,1.62
2026-05-03 06:15,1.61
2026-05-03 06:30,1.61
2026-05-03 06:45,1.62
2026-05-03 07:00,1.58
2026-05-03 07:15,1.58
2026-05-03 07:30,1.53
2026-05-03 07:45,1.54
2026-05-03 08:00,1.55
2026-05-03 08:15,1.55
2026-05-03 08:30,1.53
2026-05-03 08:45,1.55
2026-05-03 09:00,1.58
2026-05-03 09:15,1.6
2026-05-03 09:30,1.55
2026-05-03 09:45,1.6
2026-05-03 10:00,1.56
2026-05-03 10:15,1.56
2026-05-03 10:30,1.61
2026-05-03 10:45,1.61
2026-05-03 11:00,1.56
2026-05-03 11:30,1.62
2026-05-03 11:45,1.67
2026-05-03 12:00,1.61
2026-05-03 12:15,1.65
2026-05-03 12:30,1.63
2026-05-03 12:45,1.69
2026-05-03 13:00,1.69
2026-05-03 13:15,1.71
2026-05-03 13:30,1.76
2026-05-03 13:45,1.81
2026-05-03 14:00,1.78
2026-05-03 14:15,1.81
2026-05-03 14:30,1.79
2026-05-03 14:45,1.83
2026-05-03 15:00,1.84
2026-05-03 15:15,1.83
2026-05-03 15:30,1.88
2026-05-03 15:45,1.97
2026-05-03 16:00,1.83
2026-05-03 16:15,1.95
2026-05-03 16:30,1.98
2026-05-03 16:45,1.98
2026-05-03 17:00,2.07
2026-05-03 17:15,2.06
2026-05-03 17:30,2.09
2026-05-03 17:45,2.08
2026-05-03 18:00,2.16
2026-05-03 18:15,2.19
2026-05-03 18:30,2.15
2026-05-03 18:45,2.19
2026-05-03 19:00,2.18
2026-05-03 19:15,2.19
2026-05-03 19:30,2.19
2026-05-03 19:45,2.2
2026-05-03 20:00,2.21
2026-05-03 20:15,2.26
2026-05-03 20:30,2.25
2026-05-03 20:45,2.24
2026-05-03 21:00,2.3
2026-05-03 21:15,2.26
2026-05-03 21:30,2.31
2026-05-03 21:45,2.33
2026-05-03 22:00,2.33
2026-05-03 22:15,2.28
2026-05-03 22:30,2.32
2026-05-03 22:45,2.29
2026-05-03 23:00,2.31
2026-05-03 23:15,2.29
2026-05-03 23:30,2.24
2026-05-03 23:45,2.2
2026-05-04 00:00,2.21
2026-05-04 00:15,2.22
2026-05-04 00:30,2.19
2026-05-04 00:45,2.19
2026-05-04 01:00,2.13
2026-05-04 01:15,2.12
2026-05-04 01:30,2.17
2026-05-04 01:45,2.16
2026-05-04 02:00,2.11
2026-05-04 02:15,2.12
2026-05-04 02:30,2.05
2026-05-04 02:45,2.0
2026-05-04 03:00,2.08
2026-05-04 03:15,2.0
2026-05-04 03:30,2.01
2026-05-04 03:45,1.97
2026-05-04 04:00,1.86
2026-05-04 04:15,1.9
2026-05-04 04:30,1.86
2026-05-04 04:45,1.78
2026-05-04 05:00,1.89
2026-05-04 05:15,1.86
2026-05-04 05:30,1.67
2026-05-04 05:45,1.76
2026-05-04 06:00,1.68
2026-05-04 06:15,1.72
2026-05-04 06:30,1.67
2026-05-04 06:45,1.66
2026-05-04 07:00,1.59
2026-05-04 07:15,1.61
2026-05-04 07:30,1.56
2026-05-04 07:45,1.56
2026-05-04 08:00,1.52
2026-05-04 08:15,1.53
2026-05-04 08:30,1.47
2026-05-04 08:45,1.49
2026-05-04 09:00,1.52
2026-05-04 09:15,1.55
2026-05-04 09:30,1.46
2026-05-04 09:45,1.51
2026-05-04 10:00,1.61
2026-05-04 10:15,1.56
2026-05-04 10:30,1.56
2026-05-04 10:45,1.53
2026-05-04 11:00,1.54
2026-05-04 11:15,1.56
2026-05-04 11:30,1.54
2026-05-04 11:45,1.54
2026-05-04 12:00,1.7
2026-05-04 12:15,1.61
2026-05-04 12:30,1.56
2026-05-04 12:45,1.47
2026-05-04 13:00,1.66
2026-05-04 13:15,1.63
2026-05-04 13:30,1.66
2026-05-04 13:45,1.76
2026-05-04 14:00,1.64
2026-05-04 14:15,1.7
2026-05-04 14:30,1.7
2026-05-04 14:45,1.79
2026-05-04 15:00,1.79
2026-05-04 15:15,1.78
2026-05-04 15:30,1.85
2026-05-04 15:45,1.9
2026-05-04 16:00,1.84
2026-05-04 16:15,1.93
2026-05-04 16:30,1.93
2026-05-04 16:45,1.95
2026-05-04 17:00,1.93
2026-05-04 17:15,1.95
2026-05-04 17:30,1.98
2026-05-04 17:45,2.04
2026-05-04 18:00,1.99
2026-05-04 18:15,2.02
2026-05-04 18:30,2.09
2026-05-04 18:45,2.07
2026-05-04 19:00,2.14
2026-05-04 19:15,2.15
2026-05-04 19:30,2.07
2026-05-04 19:45,2.06
2026-05-04 20:00,2.14
2026-05-04 20:15,2.15
2026-05-04 20:30,2.17
2026-05-04 20:45,2.2
2026-05-04 21:00,2.2
2026-05-04 21:15,2.2
2026-05-04 21:30,2.2
2026-05-04 21:45,2.18
2026-05-04 22:00,2.22
2026-05-04 22:15,2.23
2026-05-04 22:30,2.27
2026-05-04 22:45,2.33
2026-05-04 23:00,2.26
2026-05-04 23:15,2.24
2026-05-04 23:30,2.23
2026-05-04 23:45,2.25
2026-05-05 00:00,2.28
2026-05-05 00:15,2.2
2026-05-05 00:30,2.19
2026-05-05 00:45,2.2
2026-05-05 01:00,2.17
2026-05-05 01:15,2.12
2026-05-05 01:30,2.18
2026-05-05 01:45,2.13
2026-05-05 02:00,2.13
2026-05-05 02:15,2.11
2026-05-05 02:30,2.09
2026-05-05 02:45,2.07
2026-05-05 03:00,2.07
2026-05-05 03:15,2.02
2026-05-05 03:30,2.02
2026-05-05 03:45,1.98
2026-05-05 04:00,1.94
2026-05-05 04:15,1.93
2026-05-05 04:30,1.89
2026-05-05 04:45,1.89
2026-05-05 05:00,1.8
2026-05-05 05:15,1.84
2026-05-05 05:30,1.8
2026-05-05 05:45,1.79
2026-05-05 06:00,1.77
2026-05-05 06:15,1.71
2026-05-05 06:30,1.74
2026-05-05 06:45,1.68
2026-05-05 07:00,1.65
2026-05-05 07:15,1.64
2026-05-05 07:30,1.63
2026-05-05 07:45,1.63
2026-05-05 08:00,1.65
2026-05-05 08:15,1.59
2026-05-05 08:30,1.61
2026-05-05 08:45,1.59
2026-05-05 09:00,1.5
2026-05-05 09:15,1.48
2026-05-05 09:30,1.53
2026-05-05 09:45,1.55
2026-05-05 10:00,1.5
2026-05-05 10:15,1.52
2026-05-05 10:30,1.52
2026-05-05 10:45,1.5
2026-05-05 11:00,1.53
2026-05-05 11:15,1.49
2026-05-05 11:30,1.51
2026-05-05 11:45,1.49
2026-05-05 12:00,1.49
2026-05-05 12:15,1.54
2026-05-05 12:30,1.52
2026-05-05 12:45,1.5
2026-05-05 13:00,1.57
2026-05-05 13:15,1.6
2026-05-05 13:30,1.58
2026-05-05 13:45,1.62
2026-05-05 14:00,1.66
2026-05-05 14:15,1.68
2026-05-05 14:30,1.66
2026-05-05 14:45,1.7
2026-05-05 15:00,1.7
2026-05-05 15:15,1.7
2026-05-05 15:30,1.79
2026-05-05 15:45,1.83
2026-05-05 16:00,1.8
2026-05-05 16:15,1.83
2026-05-05 16:30,1.88
2026-05-05 16:45,1.94
2026-05-05 17:00,1.9
2026-05-05 17:15,1.95
2026-05-05 17:30,1.93
2026-05-05 17:45,1.92
2026-05-05 18:00,2.04
2026-05-05 18:15,2.04
2026-05-05 18:30,2.11
2026-05-05 18:45,2.09
2026-05-05 19:00,2.14
2026-05-05 19:15,2.14
2026-05-05 19:30,2.13
2026-05-05 19:45,2.14
2026-05-05 20:00,2.19
2026-05-05 23:30,2.26
2026-05-05 23:45,2.26
2026-05-06 00:00,2.26
2026-05-06 00:15,2.28
2026-05-06 00:30,2.29
2026-05-06 00:45,2.26
2026-05-06 01:00,2.26
2026-05-06 01:15,2.24
2026-05-06 01:30,2.24
2026-05-06 01:45,2.22
2026-05-06 02:00,2.2
2026-05-06 02:15,2.19
2026-05-06 02:30,2.2
2026-05-06 02:45,2.18
2026-05-06 03:00,2.15
2026-05-06 03:15,2.13
2026-05-06 03:30,2.11
2026-05-06 03:45,2.08
2026-05-06 04:00,2.05
2026-05-06 04:15,2.04
2026-05-06 04:30,2.02
2026-05-06 04:45,2.0
2026-05-06 05:00,1.94
2026-05-06 05:15,1.92
2026-05-06 05:30,1.9
2026-05-06 05:45,1.83
2026-05-06 06:00,1.85
2026-05-06 06:15,1.89
2026-05-06 06:30,1.77
2026-05-06 06:45,1.8
2026-05-06 07:00,1.76
2026-05-06 07:15,1.76
2026-05-06 07:30,1.7
2026-05-06 07:45,1.68
2026-05-06 08:00,1.68
2026-05-06 08:15,1.62
2026-05-06 08:30,1.65
2026-05-06 08:45,1.64
2026-05-06 09:00,1.58
2026-05-06 09:15,1.56
2026-05-06 09:30,1.62
2026-05-06 09:45,1.6
2026-05-06 10:00,1.58
2026-05-06 10:15,1.56
2026-05-06 10:30,1.58
2026-05-06 10:45,1.57
2026-05-06 11:00,1.55
2026-05-06 11:15,1.54
2026-05-06 11:30,1.58
2026-05-06 11:45,1.58
2026-05-06 12:00,1.52
2026-05-06 12:15,1.54
2026-05-06 12:30,1.57
2026-05-06 12:45,1.57
2026-05-06 13:00,1.58
2026-05-06 13:15,1.6
2026-05-06 13:30,1.63
2026-05-06 13:45,1.66
2026-05-06 14:00,1.62
2026-05-06 14:45,1.7
2026-05-06 16:00,1.83
2026-05-06 16:15,1.87
2026-05-06 16:30,1.89
2026-05-06 16:45,1.91
2026-05-06 17:00,1.94
2026-05-06 17:15,1.97
2026-05-06 17:30,1.96
2026-05-06 17:45,1.99
2026-05-06 18:00,1.99
2026-05-06 18:15,2.07
2026-05-06 18:30,2.05
2026-05-06 18:45,2.06
2026-05-06 19:00,2.12
2026-05-06 19:15,2.13
2026-05-06 19:30,2.13
2026-05-06 19:45,2.17
2026-05-06 20:00,2.16
2026-05-06 20:15,2.2
2026-05-06 20:30,2.2
2026-05-06 20:45,2.22
2026-05-06 21:00,2.22
2026-05-06 21:15,2.19
2026-05-06 21:30,2.27
2026-05-06 21:45,2.24
2026-05-06 22:00,2.26
2026-05-06 22:15,2.27
2026-05-06 22:30,2.25
2026-05-06 22:45,2.26
2026-05-06 23:00,2.29
2026-05-06 23:15,2.28
2026-05-06 23:30,2.33
2026-05-06 23:45,2.31
2026-05-07 00:00,2.29
2026-05-07 00:45,2.28
2026-05-07 01:15,2.23
2026-05-07 01:30,2.26
2026-05-07 01:45,2.26
2026-05-07 02:00,2.2
2026-05-07 02:15,2.2
2026-05-07 02:30,2.23
2026-05-07 02:45,2.2
2026-05-07 03:00,2.17
2026-05-07 03:15,2.18
2026-05-07 03:30,2.15
2026-05-07 03:45,2.1
2026-05-07 04:00,2.13
2026-05-07 04:15,2.09
2026-05-07 04:30,2.11
2026-05-07 04:45,2.09
2026-05-07 05:00,2.04
2026-05-07 05:15,2.05
2026-05-07 05:30,2.05
2026-05-07 05:45,1.99
2026-05-07 06:00,2.02
2026-05-07 06:15,1.97
2026-05-07 06:30,1.93
2026-05-07 06:45,1.92
2026-05-07 07:00,1.88
2026-05-07 07:15,1.84
2026-05-07 07:30,1.88
2026-05-07 07:45,1.83
2026-05-07 08:00,1.79
2026-05-07 08:15,1.77
2026-05-07 08:30,1.76
2026-05-07 08:45,1.74
2026-05-07 09:00,1.69
2026-05-07 09:15,1.63
2026-05-07 09:30,1.71
2026-05-07 09:45,1.65
2026-05-07 10:00,1.65
2026-05-07 10:15,1.64
2026-05-07 10:30,1.62
2026-05-07 10:45,1.63
2026-05-07 11:00,1.63
2026-05-07 11:15,1.62
2026-05-07 11:30,1.58
2026-05-07 11:45,1.59
2026-05-07 12:00,1.57
2026-05-07 12:15,1.57
2026-05-07 12:30,1.59
2026-05-07 12:45,1.57
2026-05-07 13:00,1.6
2026-05-07 13:15,1.59
2026-05-07 13:30,1.59
2026-05-07 13:45,1.62
2026-05-07 14:00,1.58
2026-05-07 14:15,1.59
2026-05-07 14:30,1.64
2026-05-07 14:45,1.61
2026-05-07 15:00,1.68
2026-05-07 15:15,1.74
2026-05-07 15:30,1.75
2026-05-07 15:45,1.76
2026-05-07 16:00,1.83
2026-05-07 16:15,1.88
2026-05-07 16:30,1.84
2026-05-07 16:45,1.88
2026-05-07 17:00,1.9
2026-05-07 17:15,1.9
2026-05-07 17:30,1.94
2026-05-07 17:45,1.98
2026-05-07 18:00,2.0
2026-05-07 18:15,1.99
2026-05-07 18:30,2.08
2026-05-07 18:45,2.08
2026-05-07 19:00,2.09
2026-05-07 19:15,2.1
2026-05-07 19:30,2.13
2026-05-07 19:45,2.16
2026-05-07 20:00,2.17
2026-05-07 20:15,2.19
2026-05-07 20:30,2.24
2026-05-07 20:45,2.21
2026-05-07 21:00,2.22
2026-05-07 21:45,2.22
2026-05-07 22:00,2.24
2026-05-07 22:15,2.25
2026-05-07 22:30,2.2
2026-05-07 22:45,2.21
2026-05-07 23:00,2.26
2026-05-07 23:15,2.25
2026-05-07 23:30,2.26
2026-05-07 23:45,2.26
2026-05-08 00:00,2.22
2026-05-08 00:15,2.22
2026-05-08 00:30,2.22
2026-05-08 00:45,2.21
2026-05-08 01:00,2.19
2026-05-08 01:15,2.2
2026-05-08 01:30,2.16
2026-05-08 01:45,2.15
2026-05-08 02:00,2.14
2026-05-08 02:15,2.08
2026-05-08 02:30,2.16
2026-05-08 02:45,2.11
2026-05-08 03:00,2.14
2026-05-08 03:15,2.15
2026-05-08 03:30,2.11
2026-05-08 03:45,2.11
2026-05-08 04:00,2.12
2026-05-08 04:15,2.08
2026-05-08 04:30,2.1
2026-05-08 04:45,2.04
2026-05-08 05:00,2.08
2026-05-08 05:15,2.05
2026-05-08 05:30,2.05
2026-05-08 05:45,2.03
2026-05-08 06:00,2.01
2026-05-08 06:15,2.0
2026-05-08 06:30,1.96
2026-05-08 06:45,1.95
2026-05-08 07:00,1.95
2026-05-08 07:15,1.93
2026-05-08 07:30,1.9
2026-05-08 07:45,1.87
2026-05-08 08:00,1.89
2026-05-08 08:15,1.87
2026-05-08 08:30,1.8
2026-05-08 08:45,1.77
2026-05-08 09:00,1.75
2026-05-08 09:15,1.72
2026-05-08 09:30,1.77
2026-05-08 09:45,1.74
2026-05-08 10:00,1.71
2026-05-08 10:15,1.71
2026-05-08 10:30,1.65
2026-05-08 10:45,1.63
2026-05-08 11:00,1.66
2026-05-08 11:15,1.63
2026-05-08 11:30,1.62
2026-05-08 11:45,1.62
2026-05-08 12:00,1.59
2026-05-08 12:15,1.58
2026-05-08 12:30,1.58
2026-05-08 12:45,1.59
2026-05-08 13:00,1.61
2026-05-08 13:15,1.58
2026-05-08 13:30,1.61
2026-05-08 13:45,1.64
2026-05-08 14:00,1.59
2026-05-08 14:15,1.62
2026-05-08 14:30,1.62
2026-05-08 14:45,1.68
2026-05-08 15:00,1.68
2026-05-08 15:15,1.72
2026-05-08 15:30,1.7
2026-05-08 15:45,1.73
2026-05-08 16:00,1.77
2026-05-08 16:15,1.81
2026-05-08 16:30,1.84
2026-05-08 16:45,1.9
2026-05-08 17:00,1.89
2026-05-08 17:15,1.86
2026-05-08 17:30,1.99
2026-05-08 17:45,1.97
2026-05-08 18:00,1.97
2026-05-08 18:15,1.97
2026-05-08 18:30,2.07
2026-05-08 18:45,2.1
2026-05-08 19:00,2.05
2026-05-08 19:15,2.09
2026-05-08 19:30,2.1
2026-05-08 19:45,2.11
2026-05-08 20:00,2.19
2026-05-08 20:15,2.14
2026-05-08 20:30,2.22
2026-05-08 20:45,2.19
2026-05-08 21:00,2.17
2026-05-08 21:15,2.15
2026-05-08 21:30,2.22
2026-05-08 21:45,2.16
2026-05-08 22:00,2.18
2026-05-08 22:15,2.21
2026-05-08 22:30,2.17
2026-05-08 22:45,2.21
2026-05-08 23:00,2.17
2026-05-08 23:15,2.17
2026-05-08 23:30,2.2
2026-05-08 23:45,2.14
2026-05-09 00:00,2.25
2026-05-09 00:15,2.2
2026-05-09 00:30,2.18
2026-05-09 00:45,2.2
2026-05-09 01:00,2.19
2026-05-09 01:15,2.17
2026-05-09 01:30,2.18
2026-05-09 01:45,2.17
2026-05-09 02:00,2.17
2026-05-09 02:15,2.17
2026-05-09 02:30,2.17
2026-05-09 02:45,2.13
2026-05-09 03:00,2.22
2026-05-09 03:15,2.22
2026-05-09 03:30,2.15
2026-05-09 03:45,2.22
2026-05-09 04:00,2.18
2026-05-09 04:15,2.16
2026-05-09 04:30,2.2
2026-05-09 04:45,2.17
2026-05-09 05:00,2.19
2026-05-09 05:15,2.15
2026-05-09 05:30,2.13
2026-05-09 05:45,2.11
2026-05-09 06:00,2.13
2026-05-09 06:15,2.08
2026-05-09 06:30,2.12
2026-05-09 06:45,2.08
2026-05-09 07:00,2.08
2026-05-10 13:45,1.61
2026-05-10 14:00,1.62
2026-05-10 14:15,1.61
2026-05-10 14:30,1.64
2026-05-10 14:45,1.64
2026-05-10 15:00,1.6
2026-05-10 15:15,1.64
2026-05-10 15:30,1.68
2026-05-10 15:45,1.75
2026-05-10 16:00,1.73
2026-05-10 16:15,1.81
2026-05-10 16:30,1.82
2026-05-10 16:45,1.82
2026-05-10 17:00,1.86
2026-05-10 17:15,1.9
2026-05-10 17:30,1.9
2026-05-10 17:45,1.96
2026-05-10 18:00,1.93
2026-05-10 18:15,1.99
2026-05-10 18:30,1.99
2026-05-10 18:45,2.06
2026-05-10 19:00,2.04
2026-05-10 19:15,2.07
2026-05-10 19:30,2.12
2026-05-10 19:45,2.11
2026-05-10 20:00,2.17
2026-05-10 20:15,2.15
2026-05-10 20:30,2.15
2026-05-10 20:45,2.17
2026-05-10 21:00,2.14
2026-05-10 21:15,2.13
2026-05-10 21:30,2.12
2026-05-10 21:45,2.1
2026-05-10 22:00,2.15
2026-05-10 22:15,2.12
2026-05-10 22:30,2.13
2026-05-10 22:45,2.14
2026-05-10 23:00,2.14
2026-05-10 23:15,2.14
2026-05-10 23:30,2.14
2026-05-10 23:45,2.14
2026-05-11 00:00,2.14
2026-05-11 00:15,2.16
2026-05-11 00:30,2.09
2026-05-11 00:45,2.09
2026-05-11 01:00,2.13
2026-05-11 01:15,2.13
2026-05-11 01:30,2.15
2026-05-11 01:45,2.14
2026-05-11 02:00,2.15
2026-05-11 02:15,2.13
2026-05-11 02:30,2.17
2026-05-11 02:45,2.13
2026-05-11 03:00,2.16
2026-05-11 03:15,2.14
2026-05-11 03:30,2.13
2026-05-11 03:45,2.15
2026-05-11 04:00,2.14
2026-05-11 04:15,2.14
2026-05-11 04:30,2.15
2026-05-11 04:45,2.2
2026-05-11 05:00,2.12
2026-05-11 05:15,2.1
2026-05-11 05:30,2.17
2026-05-11 05:45,2.15
2026-05-11 06:00,2.13
2026-05-11 06:15,2.14
2026-05-11 06:30,2.16
2026-05-11 06:45,2.13
2026-05-11 07:00,2.16
2026-05-11 07:15,2.12
2026-05-11 07:30,2.13
2026-05-11 07:45,2.11
2026-05-11 08:00,2.05
2026-05-11 08:15,2.04
2026-05-11 08:30,2.08
2026-05-11 08:45,2.04
2026-05-11 09:00,2.04
2026-05-11 09:15,2.0
2026-05-11 09:30,1.98
2026-05-11 09:45,1.98
2026-05-11 10:00,1.95
2026-05-11 10:15,1.91
2026-05-11 10:30,1.93
2026-05-11 10:45,1.89
2026-05-11 11:00,1.87
2026-05-11 11:15,1.84
2026-05-11 11:30,1.81
2026-05-11 11:45,1.78
2026-05-11 12:00,1.78
2026-05-11 12:15,1.81
2026-05-11 12:30,1.82
2026-05-11 12:45,1.73
2026-05-11 13:00,1.73
2026-05-11 13:15,1.74
2026-05-11 13:30,1.75
2026-05-11 13:45,1.72
2026-05-11 14:00,1.72
2026-05-11 14:15,1.72
2026-05-11 14:30,1.74
2026-05-11 14:45,1.77
2026-05-11 15:00,1.78
2026-05-11 15:15,1.82
2026-05-11 15:30,1.75
2026-05-11 15:45,1.81
2026-05-11 16:00,1.84
2026-05-11 16:15,1.84
2026-05-11 16:30,1.84
2026-05-11 16:45,1.9
2026-05-11 17:00,1.95
2026-05-11 17:15,1.94
2026-05-11 17:30,1.94
2026-05-11 17:45,2.07
2026-05-11 18:00,2.07
2026-05-11 18:15,2.07
2026-05-11 18:30,2.08
2026-05-11 18:45,2.09
2026-05-11 19:00,2.13
2026-05-11 19:15,2.15
2026-05-11 19:30,2.13
2026-05-11 19:45,2.14
2026-05-11 20:00,2.17
2026-05-11 20:15,2.17
2026-05-11 20:30,2.19
2026-05-11 20:45,2.2
2026-05-11 21:00,2.16
2026-05-11 21:15,2.13
2026-05-11 21:30,2.18
2026-05-11 21:45,2.14
2026-05-11 22:00,2.12
2026-05-11 22:15,2.14
2026-05-11 22:30,2.13
2026-05-11 22:45,2.16
2026-05-11 23:00,2.1
2026-05-11 23:15,2.09
2026-05-11 23:30,2.13
2026-05-11 23:45,2.1
2026-05-12 00:00,2.11
2026-05-12 00:15,2.11
2026-05-12 00:30,2.09
2026-05-12 00:45,2.11
2026-05-12 01:00,2.04
2026-05-12 01:15,2.07
2026-05-12 01:30,2.07
2026-05-12 01:45,2.06
2026-05-12 02:00,2.07
2026-05-12 02:15,2.09
2026-05-12 02:30,1.99
2026-05-12 02:45,2.07
2026-05-12 03:00,2.07
2026-05-12 03:15,2.05
2026-05-12 03:30,2.05
2026-05-12 03:45,2.07
2026-05-12 04:00,2.06
2026-05-12 04:15,2.08
2026-05-12 04:30,1.99
2026-05-12 04:45,2.02
2026-05-12 05:00,2.07
2026-05-12 05:15,2.06
2026-05-12 05:30,2.09
2026-05-12 05:45,2.08
2026-05-12 06:00,2.0
2026-05-12 06:15,2.04
2026-05-12 06:30,2.04
2026-05-12 06:45,2.05
2026-05-12 07:00,2.05
2026-05-12 07:15,2.02
2026-05-12 07:30,1.99
2026-05-12 07:45,1.97
2026-05-12 08:00,1.97
2026-05-12 08:15,1.91
2026-05-12 08:30,1.98
2026-05-12 08:45,1.9
2026-05-12 09:00,1.96
2026-05-12 09:15,1.92
2026-05-12 09:30,1.86
2026-05-12 09:45,1.9
2026-05-12 10:00,1.86
2026-05-12 10:15,1.84
2026-05-12 10:30,1.9
2026-05-12 10:45,1.83
2026-05-12 11:00,1.89
2026-05-12 11:15,1.82
2026-05-12 11:30,1.85
2026-05-12 11:45,1.83
2026-05-12 12:00,1.77
2026-05-12 12:15,1.79
2026-05-12 12:30,1.8
2026-05-12 12:45,1.77
2026-05-12 13:00,1.81
2026-05-12 13:15,1.74
2026-05-12 13:30,1.84
2026-05-12 13:45,1.8
2026-05-12 14:00,1.76
2026-05-12 14:15,1.79
2026-05-12 14:30,1.8
2026-05-12 14:45,1.78
2026-05-12 15:00,1.76
2026-05-12 15:15,1.82
2026-05-12 15:30,1.86
2026-05-12 15:45,1.86
2026-05-12 16:00,1.85
2026-05-12 16:15,1.84
2026-05-12 16:30,1.89
2026-05-12 16:45,1.92
2026-05-12 17:00,1.91
2026-05-12 17:15,1.92
2026-05-12 17:30,1.98
2026-05-12 17:45,2.02
2026-05-12 18:00,1.98
2026-05-12 18:15,2.04
2026-05-12 18:30,2.04
2026-05-12 18:45,2.05
2026-05-12 19:00,2.09
2026-05-12 19:15,2.12
2026-05-12 19:30,2.13
2026-05-12 19:45,2.15
2026-05-12 20:00,2.17
2026-05-12 20:15,2.15
2026-05-12 20:30,2.18
2026-05-12 20:45,2.16
2026-05-12 21:00,2.14
2026-05-12 21:15,2.13
2026-05-12 21:30,2.17
2026-05-12 21:45,2.1
2026-05-12 22:00,2.12
2026-05-12 22:15,2.16
2026-05-12 22:30,2.08
2026-05-12 22:45,2.11
2026-05-12 23:00,2.08
2026-05-12 23:15,2.08
2026-05-12 23:30,2.09
2026-05-12 23:45,2.05
2026-05-13 00:00,2.06
2026-05-13 00:15,2.0
2026-05-13 00:30,2.06
2026-05-13 00:45,2.03
2026-05-13 01:00,2.02
2026-05-13 01:15,2.0
2026-05-13 01:30,1.96
2026-05-13 01:45,1.95
2026-05-13 02:00,1.99
2026-05-13 02:15,1.93
2026-05-13 02:30,1.95
2026-05-13 02:45,1.95
2026-05-13 03:00,1.91
2026-05-13 03:15,1.91
2026-05-13 03:30,1.89
2026-05-13 03:45,1.9
2026-05-13 04:00,1.87
2026-05-13 04:15,1.91
2026-05-13 04:30,1.91
2026-05-13 04:45,1.87
2026-05-13 05:00,1.94
2026-05-13 05:15,1.93
2026-05-13 05:30,1.92
2026-05-13 05:45,1.94
2026-05-13 06:00,1.92
2026-05-13 06:15,1.95
2026-05-13 06:30,1.95
2026-05-13 06:45,1.94
2026-05-13 07:00,1.97
2026-05-13 07:15,1.99
2026-05-13 07:30,1.99
2026-05-13 07:45,1.93
2026-05-13 08:00,2.0
2026-05-13 08:15,1.96
2026-05-13 08:30,1.92
2026-05-13 08:45,1.88
2026-05-13 09:00,1.92
2026-05-13 09:15,1.88
2026-05-13 09:30,1.93
2026-05-13 09:45,1.92
2026-05-13 10:00,1.92
2026-05-13 10:15,1.91
2026-05-13 10:30,1.91
2026-05-13 10:45,1.84
2026-05-13 11:00,1.91
2026-05-13 11:15,1.9
2026-05-13 11:30,1.88
2026-05-13 11:45,1.84
2026-05-13 12:00,1.86
2026-05-13 12:15,1.86
2026-05-13 12:30,1.78
2026-05-13 12:45,1.83
2026-05-13 13:00,1.83
2026-05-13 13:15,1.85
2026-05-13 13:30,1.86
2026-05-13 13:45,1.8
2026-05-13 14:00,1.81
2026-05-13 14:15,1.81
2026-05-13 14:30,1.84
2026-05-13 14:45,1.86
2026-05-13 15:00,1.83
2026-05-13 15:15,1.83
2026-05-13 15:30,1.85
2026-05-13 15:45,1.88
2026-05-13 16:00,1.87
2026-05-13 16:15,1.89
2026-05-13 16:30,1.94
2026-05-13 16:45,1.92
2026-05-13 17:00,1.95
2026-05-13 17:15,2.0
2026-05-13 17:30,2.0
2026-05-13 17:45,2.05
2026-05-13 18:00,2.09
2026-05-13 18:15,2.14
2026-05-13 18:30,2.15
2026-05-13 18:45,2.16
2026-05-13 19:00,2.2
2026-05-13 19:15,2.2
2026-05-13 19:30,2.23
2026-05-13 19:45,2.21
2026-05-13 20:00,2.22
2026-05-13 20:15,2.24
2026-05-13 20:30,2.21
2026-05-13 20:45,2.24
2026-05-13 21:00,2.24
2026-05-13 21:15,2.22
2026-05-13 21:30,2.18
2026-05-13 21:45,2.19
2026-05-13 22:00,2.16
2026-05-13 22:15,2.14
2026-05-13 22:30,2.15
2026-05-13 22:45,2.1
2026-05-13 23:00,2.14
2026-05-13 23:15,2.16
2026-05-13 23:30,2.09
2026-05-13 23:45,2.1
2026-05-14 00:00,2.04
2026-05-14 00:15,2.06
2026-05-14 00:30,2.05
2026-05-14 00:45,2.02
2026-05-14 01:00,2.09
2026-05-14 01:15,1.99
2026-05-14 01:30,2.03
2026-05-14 01:45,2.0
2026-05-14 02:00,1.97
2026-05-14 02:15,1.95
2026-05-14 02:30,1.94
2026-05-14 02:45,1.9
2026-05-14 03:00,1.93
2026-05-14 03:15,1.89
2026-05-14 03:30,1.85
2026-05-14 03:45,1.89
2026-05-14 04:00,1.85
2026-05-14 04:15,1.85
2026-05-14 04:30,1.8
2026-05-14 04:45,1.79
2026-05-14 05:00,1.84
2026-05-14 05:15,1.78
2026-05-14 05:30,1.82
2026-05-14 05:45,1.78
2026-05-14 06:00,1.87
2026-05-14 06:15,1.79
2026-05-14 06:30,1.89
2026-05-14 06:45,1.84
2026-05-14 07:00,1.84
2026-05-14 07:15,1.91
2026-05-14 07:30,1.81
2026-05-14 07:45,1.81
2026-05-14 08:00,1.8
2026-05-14 08:15,1.88
2026-05-14 08:30,1.79
2026-05-14 08:45,1.73
2026-05-14 09:00,1.83
2026-05-14 09:15,1.85
2026-05-14 09:30,1.83
2026-05-14 09:45,1.9
2026-05-14 10:00,1.83
2026-05-14 10:15,1.85
2026-05-14 10:30,1.89
2026-05-14 10:45,1.83
2026-05-14 11:00,1.85
2026-05-14 11:15,1.87
2026-05-14 11:30,1.78
2026-05-14 11:45,1.8
2026-05-14 12:00,1.82
2026-05-14 12:15,1.79
2026-05-14 12:30,1.86
2026-05-14 12:45,1.82
2026-05-14 13:00,1.82
2026-05-14 13:15,1.83
2026-05-14 13:30,1.85
2026-05-14 13:45,1.83
2026-05-14 14:00,1.83
2026-05-14 14:15,1.85
2026-05-14 14:30,1.8
2026-05-14 14:45,1.78
2026-05-14 15:00,1.85
2026-05-14 15:15,1.79
2026-05-14 15:30,1.83
2026-05-14 15:45,1.83
2026-05-14 16:00,1.89
2026-05-14 16:15,1.85
2026-05-14 16:30,1.92
2026-05-14 16:45,1.9
2026-05-14 17:00,1.89
2026-05-14 17:15,1.93
2026-05-14 17:30,2.02
2026-05-14 17:45,2.08
2026-05-14 18:00,2.08
2026-05-14 18:15,2.14
2026-05-14 18:30,2.29
2026-05-14 18:45,2.22
2026-05-14 19:00,2.28
2026-05-14 19:15,2.33
2026-05-14 19:30,2.27
2026-05-14 19:45,2.32
2026-05-14 20:00,2.26
2026-05-14 20:15,2.3
2026-05-14 20:30,2.27
2026-05-14 20:45,2.34
2026-05-14 21:00,2.37
2026-05-14 21:15,2.3
2026-05-14 21:30,2.32
2026-05-14 21:45,2.35
2026-05-14 22:00,2.23
2026-05-14 22:15,2.21
2026-05-14 22:30,2.25
2026-05-14 22:45,2.25
2026-05-14 23:00,2.15
2026-05-14 23:15,2.19
2026-05-14 23:30,2.19
2026-05-14 23:45,2.11
2026-05-15 00:00,2.16
2026-05-15 00:15,2.09
2026-05-15 00:30,2.13
2026-05-15 00:45,2.1
2026-05-15 01:00,2.05
2026-05-15 01:15,2.09
2026-05-15 01:30,2.05
2026-05-15 01:45,2.06
2026-05-15 02:00,1.94
2026-05-15 02:15,1.92
2026-05-15 02:30,1.91
2026-05-15 02:45,1.9
2026-05-15 03:00,1.89
2026-05-15 03:15,1.85
2026-05-15 03:30,1.79
2026-05-15 03:45,1.8
2026-05-15 04:00,1.77
2026-05-15 04:15,1.76
2026-05-15 04:30,1.74
2026-05-15 04:45,1.75
2026-05-15 05:00,1.72
2026-05-15 05:15,1.66
2026-05-15 05:30,1.76
2026-05-15 05:45,1.73
2026-05-15 06:00,1.67
2026-05-15 06:15,1.74
2026-05-15 06:30,1.62
2026-05-15 06:45,1.69
2026-05-15 07:00,1.7
2026-05-15 07:15,1.73
2026-05-15 07:30,1.75
2026-05-15 07:45,1.73
2026-05-15 08:00,1.79
2026-05-15 08:15,1.83
2026-05-15 08:30,1.72
2026-05-15 08:45,1.77
2026-05-15 09:00,1.67
2026-05-15 09:15,1.66
2026-05-15 09:30,1.72
2026-05-15 09:45,1.71
2026-05-15 10:00,1.7
2026-05-15 10:15,1.78
2026-05-15 10:30,1.77
2026-05-15 10:45,1.79
2026-05-15 11:00,1.78
2026-05-15 11:15,1.79
2026-05-15 11:30,1.75
2026-05-15 11:45,1.78
2026-05-15 12:00,1.7
2026-05-15 12:15,1.71
2026-05-15 12:30,1.82
2026-05-15 12:45,1.79
2026-05-15 13:00,1.8
2026-05-15 13:15,1.79
2026-05-15 13:30,1.89
2026-05-15 13:45,1.86
2026-05-15 14:00,1.88
2026-05-15 14:15,1.9
2026-05-15 14:30,1.9
2026-05-15 14:45,1.86
2026-05-15 15:00,1.93
2026-05-15 15:15,1.92
2026-05-15 15:30,1.94
2026-05-15 15:45,1.96
2026-05-15 16:00,1.97
2026-05-15 16:15,2.04
2026-05-15 16:30,1.98
2026-05-15 16:45,1.98
2026-05-15 17:00,2.16
2026-05-15 17:15,2.12
2026-05-15 17:30,2.19
2026-05-15 17:45,2.22
2026-05-15 18:00,2.2
2026-05-15 18:15,2.24
2026-05-15 18:30,2.2
2026-05-15 18:45,2.23
2026-05-15 19:00,2.28
2026-05-15 19:15,2.29
2026-05-15 19:30,2.38
2026-05-15 19:45,2.41
2026-05-15 20:00,2.38
2026-05-15 20:15,2.38
2026-05-15 20:30,2.41
2026-05-15 20:45,2.39
2026-05-15 21:00,2.4
2026-05-15 21:15,2.39
2026-05-15 21:30,2.37
2026-05-15 21:45,2.41
2026-05-15 22:00,2.43
2026-05-15 22:15,2.37
2026-05-15 22:30,2.36
2026-05-15 22:45,2.34
2026-05-15 23:00,2.33
2026-05-15 23:15,2.26
2026-05-15 23:30,2.28
2026-05-15 23:45,2.27
2026-05-16 00:00,2.17
2026-05-16 00:15,2.21
2026-05-16 00:30,2.18
2026-05-16 00:45,2.12
2026-05-16 01:00,2.18
2026-05-16 01:15,2.11
2026-05-16 01:30,2.05
2026-05-16 01:45,2.05
2026-05-16 02:00,1.99
2026-05-16 02:15,1.93
2026-05-16 02:30,1.98
2026-05-16 02:45,1.95
2026-05-16 03:00,1.86
2026-05-16 03:15,1.87
2026-05-16 03:30,1.83
2026-05-16 03:45,1.8
2026-05-16 04:00,1.69
2026-05-16 04:15,1.66
2026-05-16 04:30,1.69
2026-05-16 04:45,1.64
2026-05-16 05:00,1.56
2026-05-16 05:15,1.55
2026-05-16 05:30,1.6
2026-05-16 05:45,1.6
2026-05-16 06:00,1.55
2026-05-16 06:15,1.5
2026-05-16 06:30,1.5
2026-05-16 06:45,1.61
2026-05-16 07:00,1.5
2026-05-16 07:15,1.5
2026-05-16 07:30,1.54
2026-05-16 07:45,1.6
2026-05-16 08:00,1.55
2026-05-16 08:15,1.59
2026-05-16 08:30,1.59
2026-05-16 08:45,1.56
2026-05-16 09:00,1.59
2026-05-16 09:15,1.59
2026-05-16 09:30,1.6
2026-05-16 09:45,1.59
2026-05-16 10:00,1.55
2026-05-16 10:15,1.54
2026-05-16 10:30,1.58
2026-05-16 10:45,1.5
2026-05-16 11:00,1.55
2026-05-16 11:15,1.59
2026-05-16 11:30,1.57
2026-05-16 11:45,1.53
2026-05-16 12:00,1.6
2026-05-16 12:15,1.62
2026-05-16 12:30,1.56
2026-05-16 12:45,1.66
2026-05-16 13:00,1.69
2026-05-16 13:15,1.67
2026-05-16 13:30,1.77
2026-05-16 13:45,1.74
2026-05-16 14:00,1.79
2026-05-16 14:15,1.85
2026-05-16 14:30,1.8
2026-05-16 14:45,1.83
2026-05-16 15:00,1.94
2026-05-16 15:15,1.96
2026-05-16 15:30,1.94
2026-05-16 15:45,1.98
2026-05-16 16:00,1.98
2026-05-16 16:15,2.03
2026-05-16 16:30,2.03
2026-05-16 16:45,2.05
2026-05-16 17:00,2.08
2026-05-16 17:15,2.09
2026-05-16 17:30,2.14
2026-05-16 17:45,2.16
2026-05-16 18:00,2.2
2026-05-16 18:15,2.21
2026-05-16 18:30,2.21
2026-05-16 18:45,2.3
2026-05-16 19:00,2.32
2026-05-16 19:15,2.34
2026-05-16 19:30,2.32
2026-05-16 19:45,2.43
2026-05-16 20:00,2.41
2026-05-16 20:15,2.4
2026-05-16 20:30,2.44
2026-05-16 20:45,2.44
2026-05-16 21:00,2.4
2026-05-16 21:15,2.42
2026-05-16 21:30,2.45
2026-05-16 21:45,2.44
2026-05-16 22:00,2.43
2026-05-16 22:15,2.44
2026-05-16 22:30,2.42
2026-05-16 22:45,2.42
2026-05-16 23:00,2.37
2026-05-16 23:15,2.4
2026-05-16 23:30,2.33
2026-05-16 23:45,2.38
2026-05-17 00:00,2.38
2026-05-17 00:15,2.38
2026-05-17 00:30,2.38
2026-05-17 00:45,2.31
2026-05-17 01:00,2.26
2026-05-17 01:15,2.27
2026-05-17 01:30,2.21
2026-05-17 01:45,2.18
2026-05-17 02:00,2.11
2026-05-17 02:15,2.05
2026-05-17 02:30,2.0
2026-05-17 02:45,1.98
2026-05-17 03:00,1.93
2026-05-17 03:15,1.87
2026-05-17 03:30,1.86
2026-05-17 03:45,1.81
2026-05-17 04:00,1.79
2026-05-17 04:15,1.74
2026-05-17 04:30,1.61
2026-05-17 04:45,1.55
2026-05-17 05:00,1.61
2026-05-17 05:15,1.56
2026-05-17 05:30,1.46
2026-05-17 05:45,1.42
2026-05-17 06:00,1.54
2026-05-17 06:15,1.5
2026-05-17 06:30,1.54
2026-05-17 06:45,1.5
2026-05-17 07:00,1.44
2026-05-17 07:15,1.44
2026-05-17 07:30,1.47
2026-05-17 07:45,1.43
2026-05-17 08:00,1.46
2026-05-17 08:15,1.45
2026-05-17 08:30,1.43
2026-05-17 08:45,1.4
2026-05-17 09:00,1.43
2026-05-17 09:15,1.43
2026-05-17 09:30,1.38
2026-05-17 09:45,1.44
2026-05-17 10:00,1.42
2026-05-17 10:15,1.44
2026-05-17 10:30,1.42
2026-05-17 10:45,1.44
2026-05-17 11:00,1.51
2026-05-17 11:15,1.49
2026-05-17 11:30,1.49
2026-05-17 11:45,1.49
2026-05-17 12:00,1.48
2026-05-17 12:15,1.55
2026-05-17 12:30,1.53
2026-05-17 12:45,1.58
2026-05-17 13:00,1.56
2026-05-17 13:15,1.59
2026-05-17 13:30,1.62
2026-05-17 13:45,1.64
2026-05-17 14:00,1.7
2026-05-17 14:15,1.74
2026-05-17 14:30,1.74
2026-05-17 14:45,1.82
2026-05-17 15:00,1.84
2026-05-17 15:15,1.88
2026-05-17 15:30,1.86
2026-05-17 15:45,1.88
2026-05-17 16:00,1.99
2026-05-17 16:15,2.0
2026-05-17 16:30,2.04
2026-05-17 16:45,2.06
2026-05-17 17:00,2.02
2026-05-17 17:15,2.07
2026-05-17 17:30,2.08
2026-05-17 17:45,2.11
2026-05-17 18:00,2.1
2026-05-17 18:15,2.11
2026-05-17 18:30,2.15
2026-05-17 18:45,2.2
2026-05-17 19:00,2.21
2026-05-17 19:15,2.24
2026-05-17 19:30,2.26
2026-05-17 19:45,2.3
2026-05-17 20:00,2.31
2026-05-17 20:15,2.33
2026-05-17 20:30,2.34
2026-05-17 20:45,2.38
2026-05-17 21:00,2.37
2026-05-17 21:15,2.35
2026-05-17 21:30,2.38
2026-05-17 21:45,2.39
2026-05-17 22:00,2.34
2026-05-17 22:15,2.37
2026-05-17 22:30,2.33
2026-05-17 22:45,2.36
2026-05-17 23:00,2.35
2026-05-17 23:15,2.32
2026-05-17 23:30,2.33
2026-05-17 23:45,2.26
2026-05-18 00:00,2.24
2026-05-18 00:15,2.18
2026-05-18 00:30,2.16
2026-05-18 00:45,2.11
2026-05-18 01:00,2.13
2026-05-18 01:15,2.09
2026-05-18 01:30,2.09
2026-05-18 01:45,1.96
2026-05-18 02:00,1.97
2026-05-18 02:15,1.91
2026-05-18 02:30,1.92
2026-05-18 02:45,1.89
2026-05-18 03:00,1.83
2026-05-18 03:15,1.8
2026-05-18 03:30,1.72
2026-05-18 03:45,1.7
2026-05-18 04:00,1.64
2026-05-18 04:15,1.59
2026-05-18 04:30,1.58
2026-05-18 04:45,1.53
2026-05-18 05:00,1.52
2026-05-18 05:15,1.47
2026-05-18 05:30,1.42
2026-05-18 05:45,1.37
2026-05-18 06:00,1.35
2026-05-18 06:15,1.32
2026-05-18 06:30,1.38
2026-05-18 06:45,1.37
2026-05-18 07:00,1.3
2026-05-18 07:15,1.31
2026-05-18 07:30,1.32
2026-05-18 07:45,1.33
2026-05-18 08:00,1.26
2026-05-18 08:15,1.29
2026-05-18 08:30,1.29
2026-05-18 08:45,1.36
2026-05-18 09:00,1.31
2026-05-18 09:15,1.37
2026-05-18 09:30,1.31
2026-05-18 09:45,1.3
2026-05-18 10:00,1.4
2026-05-18 10:15,1.39
2026-05-18 10:30,1.3
2026-05-18 10:45,1.31
2026-05-18 11:00,1.38
2026-05-18 11:15,1.38
2026-05-18 11:30,1.38
2026-05-18 11:45,1.35
2026-05-18 12:00,1.45
2026-05-18 12:15,1.46
2026-05-18 12:30,1.42
2026-05-18 12:45,1.48
2026-05-18 13:00,1.45
2026-05-18 13:15,1.48
2026-05-18 13:30,1.47
2026-05-18 13:45,1.54
2026-05-18 14:00,1.55
2026-05-18 14:15,1.57
2026-05-18 14:30,1.54
2026-05-18 14:45,1.59
2026-05-18 15:00,1.67
2026-05-18 15:15,1.69
2026-05-18 15:30,1.69
2026-05-18 15:45,1.76
2026-05-18 16:00,1.76
2026-05-18 16:15,1.81
2026-05-18 16:30,1.85
2026-05-18 16:45,1.9
2026-05-18 17:00,1.96
2026-05-18 17:15,1.99
2026-05-18 17:30,1.99
2026-05-18 17:45,2.09
2026-05-18 18:00,2.08
2026-05-18 18:15,2.14
2026-05-18 18:30,2.19
2026-05-18 18:45,2.22
2026-05-18 19:00,2.22
2026-05-18 19:15,2.28
2026-05-18 19:30,2.31
2026-05-18 19:45,2.36
2026-05-18 20:00,2.35
2026-05-18 20:15,2.41
2026-05-18 20:30,2.41
2026-05-18 20:45,2.46
2026-05-18 21:00,2.46
2026-05-18 21:15,2.48
2026-05-18 21:30,2.52
2026-05-18 21:45,2.55
2026-05-18 22:00,2.53
2026-05-18 22:15,2.54
2026-05-18 22:30,2.54
2026-05-18 22:45,2.55
2026-05-18 23:00,2.53
2026-05-18 23:15,2.5
2026-05-18 23:30,2.53
2026-05-18 23:45,2.49
2026-05-19 00:00,2.48
2026-05-19 00:15,2.46
2026-05-19 00:30,2.46
2026-05-19 00:45,2.41
2026-05-19 01:00,2.4
2026-05-19 01:15,2.39
2026-05-19 01:30,2.34
2026-05-19 01:45,2.31
2026-05-19 02:00,2.26
2026-05-19 02:15,2.22
2026-05-19 02:30,2.23
2026-05-19 02:45,2.17
2026-05-19 03:00,2.12
2026-05-19 03:15,2.05
2026-05-19 03:30,2.06
2026-05-19 03:45,1.99
2026-05-19 04:00,1.98
2026-05-19 04:15,1.93
2026-05-19 04:30,1.86
2026-05-19 04:45,1.81
2026-05-19 05:00,1.8
2026-05-19 05:15,1.72
2026-05-19 05:30,1.73
2026-05-19 05:45,1.65
2026-05-19 06:00,1.62
2026-05-19 06:15,1.55
2026-05-19 06:30,1.62
2026-05-19 06:45,1.52
2026-05-19 07:00,1.46
2026-05-19 07:15,1.4
2026-05-19 07:30,1.4
2026-05-19 07:45,1.36
2026-05-19 08:00,1.34
2026-05-19 08:15,1.33
2026-05-19 08:30,1.33
2026-05-19 08:45,1.32
2026-05-19 09:00,1.35
2026-05-19 09:15,1.35
2026-05-19 09:30,1.39
2026-05-19 09:45,1.37
2026-05-19 10:00,1.39
2026-05-19 10:15,1.37
2026-05-19 10:30,1.36
2026-05-19 10:45,1.35
2026-05-19 11:00,1.39
2026-05-19 11:15,1.39
2026-05-19 11:30,1.42
2026-05-19 11:45,1.43
2026-05-19 12:00,1.39
2026-05-19 12:15,1.42
2026-05-19 12:30,1.48
2026-05-19 12:45,1.5
2026-05-19 13:00,1.48
2026-05-19 13:15,1.51
2026-05-19 13:30,1.56
2026-05-19 13:45,1.58
2026-05-19 14:00,1.61
2026-05-19 14:15,1.63
2026-05-19 14:30,1.6
2026-05-19 14:45,1.66
2026-05-19 15:00,1.7
2026-05-19 15:15,1.74
2026-05-19 15:30,1.71
2026-05-19 15:45,1.77
2026-05-19 16:00,1.81
2026-05-19 16:15,1.85
2026-05-19 16:30,1.82
2026-05-19 16:45,1.86
2026-05-19 17:00,1.93
2026-05-19 17:15,1.97
2026-05-19 17:30,1.96
2026-05-19 17:45,1.99
2026-05-19 18:00,1.99
2026-05-19 18:15,2.07
2026-05-19 18:30,2.08
2026-05-19 18:45,2.1
2026-05-19 19:00,2.13
2026-05-19 19:15,2.17
2026-05-19 19:30,2.16
2026-05-19 19:45,2.22
2026-05-19 20:00,2.22
2026-05-19 20:15,2.25
2026-05-19 20:30,2.26
2026-05-19 20:45,2.27
2026-05-19 21:00,2.33
2026-05-19 21:15,2.34
2026-05-19 21:30,2.35
2026-05-19 21:45,2.37
2026-05-19 22:00,2.43
2026-05-19 22:15,2.43
2026-05-19 22:30,2.43
2026-05-19 22:45,2.48
2026-05-19 23:00,2.46
2026-05-19 23:15,2.47
2026-05-19 23:30,2.47
2026-05-19 23:45,2.43
2026-05-20 00:00,2.49
2026-05-20 00:15,2.46
2026-05-20 00:30,2.43
2026-05-20 00:45,2.45
2026-05-20 01:00,2.42
2026-05-20 01:15,2.42
2026-05-20 01:30,2.41
2026-05-20 01:45,2.35
2026-05-20 02:00,2.34
2026-05-20 02:15,2.33
2026-05-20 02:30,2.25
2026-05-20 02:45,2.25
2026-05-20 03:00,2.2
2026-05-20 03:15,2.15
2026-05-20 03:30,2.21
2026-05-20 03:45,2.09
2026-05-20 04:00,2.13
2026-05-20 04:15,2.05
2026-05-20 04:30,2.05
2026-05-20 04:45,1.97
2026-05-20 05:00,1.77
2026-05-20 05:15,1.69
2026-05-20 05:30,1.86
2026-05-20 05:45,1.73
2026-05-20 06:00,1.75
2026-05-20 06:15,1.7
2026-05-20 06:30,1.6
2026-05-20 06:45,1.56
2026-05-20 07:00,1.64
2026-05-20 07:15,1.55
2026-05-20 07:30,1.59
2026-05-20 07:45,1.52
2026-05-20 08:00,1.45
2026-05-20 08:15,1.45
2026-05-20 08:30,1.38
2026-05-20 08:45,1.42
2026-05-20 09:00,1.43
2026-05-20 09:15,1.42
2026-05-20 09:30,1.46
2026-05-20 09:45,1.34
2026-05-20 10:00,1.23
2026-05-20 10:15,1.28
2026-05-20 10:30,1.33
2026-05-20 10:45,1.33
2026-05-20 11:00,1.26
2026-05-20 11:15,1.29
2026-05-20 11:30,1.38
2026-05-20 11:45,1.37
2026-05-20 12:00,1.35
2026-05-20 12:15,1.3
2026-05-20 12:30,1.29
2026-05-20 12:45,1.38
2026-05-20 13:00,1.44
2026-05-20 13:15,1.42
2026-05-20 13:30,1.42
2026-05-20 13:45,1.46
2026-05-20 14:00,1.48
2026-05-20 14:15,1.49
2026-05-20 14:30,1.48
2026-05-20 14:45,1.53
2026-05-20 15:00,1.55
2026-05-20 15:15,1.56
2026-05-20 15:30,1.64
2026-05-20 15:45,1.67
2026-05-20 16:00,1.68
2026-05-20 16:15,1.69
2026-05-20 16:30,1.7
2026-05-20 16:45,1.76
2026-05-20 17:00,1.81
2026-05-20 17:15,1.89
2026-05-20 17:30,1.91
2026-05-20 17:45,1.94
2026-05-20 18:00,1.93
2026-05-20 18:15,1.96
2026-05-20 18:30,1.98
2026-05-20 18:45,2.0
2026-05-20 19:00,2.05
2026-05-20 19:15,2.11
2026-05-20 19:30,2.07
2026-05-20 19:45,2.12
2026-05-20 20:00,2.17
2026-05-20 20:15,2.17
2026-05-20 20:30,2.22
2026-05-20 20:45,2.25
2026-05-20 21:00,2.24
2026-05-20 21:15,2.32
2026-05-20 21:30,2.27
2026-05-20 21:45,2.34
2026-05-20 22:00,2.27
2026-05-20 22:15,2.32
2026-05-20 22:30,2.39
2026-05-20 22:45,2.38
2026-05-20 23:00,2.36
2026-05-20 23:15,2.41
2026-05-20 23:30,2.41
2026-05-20 23:45,2.46
2026-05-21 00:00,2.41
2026-05-21 00:15,2.41
2026-05-21 00:30,2.42
2026-05-21 00:45,2.43
2026-05-21 01:00,2.42
2026-05-21 01:15,2.4
2026-05-21 01:30,2.38
2026-05-21 01:45,2.32
2026-05-21 02:00,2.41
2026-05-21 02:15,2.34
2026-05-21 02:30,2.32
2026-05-21 02:45,2.28
2026-05-21 03:00,2.3
2026-05-21 03:15,2.26
2026-05-21 03:30,2.24
2026-05-21 03:45,2.21
2026-05-21 04:00,2.19
2026-05-21 04:15,2.13
2026-05-21 04:30,2.14
2026-05-21 04:45,2.05
2026-05-21 05:00,2.07
2026-05-21 05:15,2.02
2026-05-21 05:30,1.95
2026-05-21 05:45,1.9
2026-05-21 06:00,1.9
2026-05-21 06:15,1.82
2026-05-21 06:30,1.83
2026-05-21 06:45,1.78
2026-05-21 07:00,1.72
2026-05-21 07:15,1.69
2026-05-21 07:30,1.66
2026-05-21 07:45,1.61
2026-05-21 08:00,1.63
2026-05-21 08:15,1.55
2026-05-21 08:30,1.53
2026-05-21 08:45,1.5
2026-05-21 09:00,1.51
2026-05-21 09:15,1.48
2026-05-21 09:30,1.44
2026-05-21 09:45,1.45
2026-05-21 10:00,1.43
2026-05-21 10:15,1.43
2026-05-21 10:30,1.44
2026-05-21 10:45,1.46
2026-05-21 11:00,1.44
2026-05-21 11:15,1.46
2026-05-21 11:30,1.47
2026-05-21 11:45,1.47
2026-05-21 12:00,1.44
2026-05-21 12:15,1.45
2026-05-21 12:30,1.48
2026-05-21 12:45,1.47
2026-05-21 13:00,1.45
2026-05-21 13:15,1.48
2026-05-21 13:30,1.48
2026-05-21 13:45,1.51
2026-05-21 14:00,1.54
2026-05-21 14:15,1.54
2026-05-21 14:30,1.58
2026-05-21 14:45,1.6
2026-05-21 15:00,1.62
2026-05-21 15:15,1.67
2026-05-21 15:30,1.68
2026-05-21 15:45,1.7
2026-05-21 16:00,1.74
2026-05-21 16:15,1.78
2026-05-21 16:30,1.78
2026-05-21 16:45,1.82
2026-05-21 17:00,1.87
2026-05-21 17:15,1.87
2026-05-21 17:30,1.93
2026-05-21 17:45,1.97
2026-05-21 18:00,1.97
2026-05-21 18:15,1.97
2026-05-21 18:30,1.99
2026-05-21 18:45,2.05
2026-05-21 19:00,2.01
2026-05-21 19:15,2.05
2026-05-21 19:30,2.11
2026-05-21 19:45,2.12
2026-05-21 20:00,2.14
2026-05-21 20:15,2.17
2026-05-21 20:30,2.18
2026-05-21 20:45,2.2
2026-05-21 21:00,2.17
2026-05-21 21:15,2.2
2026-05-21 21:30,2.22
2026-05-21 21:45,2.24
2026-05-21 22:00,2.22
2026-05-21 22:15,2.23
2026-05-21 22:30,2.23
2026-05-21 22:45,2.27
2026-05-21 23:00,2.28
2026-05-21 23:15,2.29
2026-05-21 23:30,2.32
2026-05-21 23:45,2.3
2026-05-22 00:00,2.35
2026-05-22 00:15,2.29
2026-05-22 00:30,2.38
2026-05-22 00:45,2.33
2026-05-22 01:00,2.32
2026-05-22 01:15,2.31
2026-05-22 01:30,2.22
2026-05-22 01:45,2.24
2026-05-22 02:00,2.27
2026-05-22 02:15,2.28
2026-05-22 02:30,2.22
2026-05-22 02:45,2.22
2026-05-22 03:00,2.29
2026-05-22 03:15,2.23
2026-05-22 03:30,2.28
2026-05-22 03:45,2.29
2026-05-22 04:00,2.15
2026-05-22 04:15,2.18
2026-05-22 04:30,2.23
2026-05-22 04:45,2.16
2026-05-22 05:00,2.13
2026-05-22 05:15,2.11
2026-05-22 05:30,2.07
2026-05-22 05:45,2.04
2026-05-22 06:00,2.03
2026-05-22 06:15,1.95
2026-05-22 06:30,1.95
2026-05-22 06:45,1.94
2026-05-22 07:00,1.89
2026-05-22 07:15,1.85
2026-05-22 07:30,1.8
2026-05-22 07:45,1.77
2026-05-22 08:00,1.76
2026-05-22 08:15,1.72
2026-05-22 08:30,1.68
2026-05-22 08:45,1.67
2026-05-22 09:00,1.63
2026-05-22 09:15,1.59
2026-05-22 09:30,1.57
2026-05-22 09:45,1.55
2026-05-22 10:00,1.55
2026-05-22 10:15,1.54
2026-05-22 10:30,1.51
2026-05-22 10:45,1.51
2026-05-22 11:00,1.47
2026-05-22 11:15,1.51
2026-05-22 11:30,1.46
2026-05-22 11:45,1.42
2026-05-22 12:00,1.48
2026-05-22 12:15,1.47
2026-05-22 12:30,1.49
2026-05-22 12:45,1.49
2026-05-22 13:00,1.47
2026-05-22 13:15,1.48
2026-05-22 13:30,1.47
2026-05-22 13:45,1.46
2026-05-22 14:00,1.51
2026-05-22 14:15,1.54
2026-05-22 14:30,1.5
2026-05-22 14:45,1.51
2026-05-22 15:00,1.59
2026-05-22 15:15,1.6
2026-05-22 15:30,1.61
2026-05-22 15:45,1.6
2026-05-22 16:00,1.67
2026-05-22 16:15,1.69
2026-05-22 16:30,1.72
2026-05-22 16:45,1.76
2026-05-22 17:00,1.77
2026-05-22 17:15,1.89
2026-05-22 17:30,1.77
2026-05-22 17:45,1.78
2026-05-22 18:00,1.84
2026-05-22 18:15,1.87
2026-05-22 18:30,1.92
2026-05-22 18:45,1.94
2026-05-22 19:00,2.04
2026-05-22 19:15,2.1
2026-05-22 19:30,2.0
2026-05-22 19:45,2.12
2026-05-22 20:00,2.11
2026-05-22 20:15,2.14
2026-05-22 20:30,2.1
2026-05-22 20:45,2.09
2026-05-22 21:00,2.11
2026-05-22 21:15,2.1
2026-05-22 21:30,2.13
2026-05-22 21:45,2.1
2026-05-22 22:00,2.12
2026-05-22 22:15,2.08
2026-05-22 22:30,2.09
2026-05-22 22:45,2.15
2026-05-22 23:00,2.09
2026-05-22 23:15,2.1
2026-05-22 23:30,2.13
2026-05-22 23:45,2.15
2026-05-23 00:00,2.13
2026-05-23 00:15,2.12
2026-05-23 00:30,2.15
2026-05-23 00:45,2.12
2026-05-23 01:00,2.2
2026-05-23 01:15,2.19
2026-05-23 01:30,2.17
2026-05-23 01:45,2.19
2026-05-23 02:00,2.13
2026-05-23 02:15,2.14
2026-05-23 02:45,2.14
2026-05-23 03:00,2.16
2026-05-23 03:15,2.17
2026-05-23 03:30,2.17
2026-05-23 03:45,2.16
2026-05-23 04:00,2.17
2026-05-23 04:15,2.19
2026-05-23 04:30,2.13
2026-05-23 04:45,2.12
2026-05-23 05:00,2.14
2026-05-23 05:15,2.08
2026-05-23 05:30,2.17
2026-05-23 05:45,2.14
2026-05-23 06:00,2.09
2026-05-23 06:15,2.11
2026-05-23 06:30,2.11
2026-05-23 06:45,1.98
2026-05-23 07:00,1.98
2026-05-23 07:15,1.95
2026-05-23 07:30,1.99
2026-05-23 07:45,1.92
2026-05-23 08:00,1.92
2026-05-23 08:15,1.93
2026-05-23 08:30,1.82
2026-05-23 08:45,1.84
2026-05-23 09:00,1.72
2026-05-23 09:15,1.72
2026-05-23 09:30,1.68
2026-05-23 09:45,1.61
2026-05-23 10:00,1.67
2026-05-23 10:15,1.64
2026-05-23 10:30,1.58
2026-05-23 10:45,1.62
2026-05-23 11:00,1.6
2026-05-23 11:15,1.59
2026-05-23 11:30,1.5
2026-05-23 11:45,1.54
2026-05-23 12:00,1.56
2026-05-23 12:15,1.55
2026-05-23 12:30,1.53
2026-05-23 12:45,1.52
2026-05-23 13:00,1.54
2026-05-23 13:15,1.6
2026-05-23 13:30,1.51
2026-05-23 13:45,1.54
2026-05-23 14:00,1.58
2026-05-23 14:15,1.61
2026-05-23 14:30,1.59
2026-05-23 14:45,1.63
2026-05-23 15:00,1.65
2026-05-23 15:30,1.7
2026-05-23 15:45,1.76
2026-05-23 16:00,1.69
2026-05-23 16:15,1.76
2026-05-23 16:30,1.78
2026-05-23 16:45,1.85
2026-05-23 17:00,1.83
2026-05-23 17:15,1.85
2026-05-23 17:30,1.86
2026-05-23 17:45,1.94
2026-05-23 18:00,1.94
2026-05-23 18:15,1.96
2026-05-23 18:30,1.98
2026-05-23 18:45,1.97
2026-05-23 19:00,1.97
2026-05-23 19:15,1.97
2026-05-23 19:30,1.97
2026-05-23 19:45,1.97
2026-05-23 20:00,2.05
2026-05-23 20:15,2.05
2026-05-23 20:45,2.08
2026-05-23 21:00,2.02
2026-05-23 21:15,2.06
2026-05-23 21:30,2.07
2026-05-23 21:45,2.05
2026-05-23 22:00,2.07
2026-05-23 22:15,2.05
2026-05-23 22:30,2.04
2026-05-23 22:45,2.04
2026-05-23 23:00,2.02
2026-05-23 23:15,2.06
2026-05-23 23:30,2.01
2026-05-23 23:45,1.99
2026-05-24 00:00,1.99
2026-05-24 00:15,1.99
2026-05-24 00:30,1.99
2026-05-24 00:45,2.04
2026-05-24 01:00,2.0
2026-05-24 01:15,2.0
2026-05-24 01:30,2.04
2026-05-24 01:45,2.0
2026-05-24 02:00,2.02
2026-05-24 02:15,2.02
2026-05-24 02:30,2.02
2026-05-24 02:45,2.02
2026-05-24 03:00,2.04
2026-05-24 03:15,2.0
2026-05-24 03:30,2.0
2026-05-24 03:45,2.07
2026-05-24 04:00,2.07
2026-05-24 04:15,2.07
2026-05-24 04:30,2.0
2026-05-24 04:45,2.01
2026-05-24 05:00,2.01
2026-05-24 05:15,2.07
2026-05-24 05:30,2.02
2026-05-24 05:45,2.06
2026-05-24 06:00,2.04
2026-05-24 06:15,2.06
2026-05-24 06:30,2.06
2026-05-24 06:45,2.06
2026-05-24 07:00,2.03
2026-05-24 07:15,2.03
2026-05-24 07:30,2.0
2026-05-24 07:45,1.99
2026-05-24 08:00,1.99
2026-05-24 08:15,1.98
2026-05-24 08:30,1.93
2026-05-24 08:45,1.87
2026-05-24 09:00,1.83
2026-05-24 09:15,1.82
2026-05-24 09:30,1.91
2026-05-24 09:45,1.84
2026-05-24 10:00,1.83
2026-05-24 10:15,1.82
2026-05-24 10:30,1.82
2026-05-24 10:45,1.79
2026-05-24 11:00,1.74
2026-05-24 11:15,1.7
2026-05-24 11:30,1.72
2026-05-24 11:45,1.68
2026-05-24 12:00,1.68
2026-05-24 12:15,1.69
2026-05-24 12:30,1.6
2026-05-24 12:45,1.57
2026-05-24 13:00,1.64
2026-05-24 13:15,1.65
2026-05-24 13:30,1.63
2026-05-24 13:45,1.66
2026-05-24 14:00,1.62
2026-05-24 14:15,1.63
2026-05-24 14:30,1.65
2026-05-24 14:45,1.69
2026-05-24 15:00,1.58
2026-05-24 15:15,1.65
2026-05-24 15:30,1.67
2026-05-24 15:45,1.71
2026-05-24 16:00,1.7
2026-05-24 16:15,1.76
2026-05-24 16:30,1.73
2026-05-24 16:45,1.82
2026-05-24 17:00,1.76
2026-05-24 17:15,1.83
2026-05-24 17:30,1.89
2026-05-24 17:45,1.88
2026-05-24 18:00,1.88
2026-05-24 18:15,1.96
2026-05-24 18:30,1.9
2026-05-24 18:45,1.93
2026-05-24 19:00,1.98
2026-05-24 19:15,1.97
2026-05-24 19:30,2.02
2026-05-24 19:45,1.99
2026-05-24 20:00,1.99
2026-05-24 20:15,2.08
2026-05-24 20:30,2.0
2026-05-24 20:45,2.05
2026-05-24 21:00,2.05
2026-05-24 21:15,2.05
2026-05-24 21:30,2.04
2026-05-24 21:45,2.09
2026-05-24 22:00,2.08
2026-05-24 22:15,2.09
2026-05-24 22:30,2.05
2026-05-24 22:45,2.06
2026-05-24 23:00,2.01
2026-05-24 23:15,1.99
2026-05-24 23:30,1.98
2026-05-24 23:45,1.97
2026-05-25 00:00,1.95
2026-05-25 00:15,1.94
2026-05-25 00:30,1.94
2026-05-25 00:45,1.93
2026-05-25 01:00,1.88
2026-05-25 01:15,1.85
2026-05-25 01:30,1.85
2026-05-25 01:45,1.8
2026-05-25 02:00,1.87
2026-05-25 02:15,1.87
2026-05-25 02:30,1.85
2026-05-25 02:45,1.83
2026-05-25 03:00,1.85
2026-05-25 03:15,1.85
2026-05-25 03:30,1.83
2026-05-25 03:45,1.85
2026-05-25 04:00,1.79
2026-05-25 04:15,1.81
2026-05-25 04:30,1.86
2026-05-25 04:45,1.85
2026-05-25 05:00,1.88
2026-05-25 05:15,1.86
2026-05-25 05:30,1.86
2026-05-25 05:45,1.86
2026-05-25 06:00,1.89
2026-05-25 06:15,1.86
2026-05-25 06:30,1.89
2026-05-25 06:45,1.89
2026-05-25 07:00,1.87
2026-05-25 07:15,1.86
2026-05-25 07:30,1.86
2026-05-25 07:45,1.9
2026-05-25 08:00,1.87
2026-05-25 08:15,1.86
2026-05-25 08:30,1.88
2026-05-25 08:45,1.82
2026-05-25 09:00,1.89
2026-05-25 09:15,1.84
2026-05-25 09:30,1.84
2026-05-25 09:45,1.81
2026-05-25 10:00,1.83
2026-05-25 10:15,1.79
2026-05-25 10:30,1.77
2026-05-25 10:45,1.77
2026-05-25 11:00,1.68
2026-05-25 11:15,1.69
2026-05-25 11:30,1.74
2026-05-25 11:45,1.73
2026-05-25 12:00,1.66
2026-05-25 12:15,1.68
2026-05-25 12:30,1.66
2026-05-25 12:45,1.66
2026-05-25 13:00,1.66
2026-05-25 13:15,1.66
2026-05-25 13:30,1.63
2026-05-25 13:45,1.62
2026-05-25 14:00,1.65
2026-05-25 14:15,1.69
2026-05-25 14:30,1.61
2026-05-25 14:45,1.65
2026-05-25 15:00,1.72
2026-05-25 15:15,1.74
2026-05-25 15:30,1.75
2026-05-25 15:45,1.76
2026-05-25 16:00,1.76
2026-05-25 16:15,1.79
2026-05-25 16:30,1.82
2026-05-25 16:45,1.85
2026-05-25 17:00,1.8
2026-05-25 17:15,1.86
2026-05-25 17:30,1.85
2026-05-25 17:45,1.88
2026-05-25 18:00,1.89
2026-05-25 18:15,1.94
2026-05-25 18:30,2.0
2026-05-25 18:45,1.98
2026-05-25 19:00,1.98
2026-05-25 19:15,2.08
2026-05-25 19:30,2.04
2026-05-25 19:45,2.07
2026-05-25 20:00,2.09
2026-05-25 20:15,2.06
2026-05-25 20:30,2.05
2026-05-25 20:45,2.07
2026-05-25 21:00,2.07
2026-05-25 21:15,2.08
2026-05-25 21:30,2.12
2026-05-25 21:45,2.1
2026-05-25 22:00,2.1
2026-05-25 22:15,2.05
2026-05-25 22:30,2.1
2026-05-25 22:45,2.05
2026-05-25 23:00,2.04
2026-05-25 23:15,2.0
2026-05-25 23:30,1.98
2026-05-25 23:45,1.95
2026-05-26 00:00,1.9
2026-05-26 00:15,1.89
2026-05-26 00:30,1.87
2026-05-26 00:45,1.9
2026-05-26 01:00,1.88
2026-05-26 01:15,1.85
2026-05-26 01:30,1.84
2026-05-26 01:45,1.83
2026-05-26 02:00,1.8
2026-05-26 02:15,1.78
2026-05-26 02:30,1.8
2026-05-26 02:45,1.74
2026-05-26 03:00,1.77
2026-05-26 03:15,1.75
2026-05-26 03:30,1.73
2026-05-26 03:45,1.73
2026-05-26 04:00,1.71
2026-05-26 04:15,1.74
2026-05-26 04:30,1.74
2026-05-26 04:45,1.74
2026-05-26 05:00,1.7
2026-05-26 05:15,1.71
2026-05-26 05:30,1.74
2026-05-26 05:45,1.73
2026-05-26 06:00,1.75
2026-05-26 06:15,1.75
2026-05-26 06:30,1.67
2026-05-26 06:45,1.73
2026-05-26 07:00,1.71
2026-05-26 07:15,1.68
2026-05-26 07:30,1.74
4/29/2026 14:00,1.81
4/29/2026 15:11,1.81
4/29/2026 15:13,1.8
4/29/2026 15:15,1.8
4/29/2026 15:17,1.8
4/29/2026 15:18,1.8
4/29/2026 15:20,1.8
4/29/2026 15:21,1.8
4/29/2026 15:23,1.8
4/29/2026 15:24,1.8
4/29/2026 15:25,1.8
4/29/2026 15:26,1.8
4/29/2026 15:27,1.8
4/29/2026 15:30,1.8
4/29/2026 15:32,1.8
4/29/2026 15:37,1.8
4/29/2026 15:45,1.8
4/29/2026 15:47,1.8
4/29/2026 15:50,1.8
4/29/2026 15:58,1.8
4/29/2026 15:59,1.8
4/29/2026 16:00,1.8
4/29/2026 16:09,1.8
4/29/2026 16:11,1.8
4/29/2026 16:15,1.8
4/29/2026 16:17,1.8
4/29/2026 16:20,1.8
4/29/2026 16:30,1.87
4/29/2026 16:40,1.87
4/29/2026 16:45,1.87
4/29/2026 16:50,1.87
4/29/2026 17:00,1.87
4/29/2026 17:04,1.87
4/29/2026 17:05,1.87
4/29/2026 17:13,1.87
4/29/2026 17:17,1.87
4/29/2026 17:18,1.87
4/29/2026 17:19,1.87
4/29/2026 17:30,1.87
4/29/2026 19:00,2.06
4/29/2026 21:00,2.3
4/29/2026 22:00,2.28
4/30/2026 13:00,1.83
4/30/2026 13:15,1.83
4/30/2026 13:30,1.77
4/30/2026 16:00,1.95
4/30/2026 1:00,2.07
